,dengue_PCA_components,dengue_eigen_values
0,1,2.92014424124
1,2,2.06655980607
2,3,1.97487441107
3,4,1.25241363256
4,5,1.05813149876
5,6,0.948119505852
6,7,0.835368604065
7,8,0.468397105824
8,9,0.406590995619
9,10,0.0670755180676
10,11,0.00155181418821
11,12,0.000772866688914
