,dengue_PCA_components,dengue_eigen_values
0,1,2.98222583037
1,2,0.999604820581
2,3,0.808383830281
3,4,0.00257426394594
4,5,0.207211254824
